{
    "metadata": {
        "date_str": "20180921_20180928",
        "max_n_obj_fun_evals": 10,
        "pop_sizes": [
            1
        ],
        "evaluation_time": 15
    },
    "problem_params": {
        "sample_time_mod": 400,
        "sample_time_opt": 3600,
        "sample_time_ts": 3600,
        "optim_window_time": 129600,
        "episode_duration": 587200,
        "idx_start": 2,
        "env_params": {
            "cost_w": 3,
            "cost_e": 0.05
        },
        "fixed_model_params": {
            "med": {
                "Tmed_s_min": 60,
                "Tmed_s_max": 75,
                "qmed_c_min": 8,
                "qmed_c_max": 21,
                "qmed_s_min": 30,
                "qmed_s_max": 48,
                "qmed_f_min": 5,
                "qmed_f_max": 9,
                "param_array": [
                    [
                        2.03122253,
                        5.98578573,
                        0.00447722101
                    ],
                    [
                        1812.19256,
                        103.129028,
                        0.01477057
                    ],
                    [
                        133.14646561,
                        4.93363467,
                        0.29595623
                    ]
                ]
            },
            "sf": {
                "nt": 1,
                "npar": 35,
                "ns": 2,
                "Lt": 23.0,
                "Acs": 7.85e-05,
                "Tmax": 110,
                "Tmin": 10,
                "qsf_min": 0.372,
                "qsf_max": 8.928,
                "delay_span": 600
            },
            "ts": {
                "qts_src_min": 0.95,
                "qts_src_max": 20,
                "Tmin": 10,
                "Tmax": 120
            }
        },
        "model_params": {
            "sf": {
                "beta": 0.0436396,
                "H": 13.676448551722462,
                "gamma": 0.1
            },
            "ts": {
                "UA_h": [
                    0.0069818,
                    0.00584034,
                    0.03041486
                ],
                "V_h": [
                    5.94771006,
                    4.87661781,
                    2.19737023
                ],
                "UA_c": [
                    0.01396848,
                    0.0001,
                    0.02286885
                ],
                "V_c": [
                    5.33410037,
                    7.56470594,
                    0.90547187
                ]
            },
            "hex": {
                "UA": 13536.596,
                "H": 0.0
            }
        },
        "fsm_params": {
            "med": {
                "vacuum_duration_time": 3600,
                "brine_emptying_time": 1800,
                "startup_duration_time": 1200,
                "off_cooldown_time": 43200,
                "active_cooldown_time": 14400,
                "startup_conditions": {
                    "qmed_s": 30,
                    "qmed_f": 5,
                    "qmed_b": 5,
                    "qmed_c": 0.0,
                    "Tmed_s_in": 60
                },
                "shutdown_conditions": {
                    "qmed_s": 0.0,
                    "qmed_f": 0.0,
                    "qmed_b": 5.0,
                    "qmed_c": 0.0,
                    "Tmed_s_in": 0.0
                }
            },
            "sf_ts": {
                "recirculating_ts_enabled": false,
                "recirculating_ts_cooldown_time": 35996400,
                "idle_cooldown_time": 3600,
                "startup_conditions": {
                    "qsf": 0.372,
                    "qts_src": 0.95
                },
                "shutdown_conditions": {
                    "qsf": 0.0,
                    "qts_src": 0.0
                }
            }
        },
        "fsm_internal_states": {
            "med": {
                "vacuum_generated": false,
                "vacuum_elapsed_samples": 0,
                "brine_empty": true,
                "brine_emptying_elapsed_samples": 0,
                "startup_done": false,
                "startup_elapsed_samples": 0,
                "active_cooldown_done": true,
                "active_cooldown_elapsed_samples": 0,
                "off_cooldown_done": true,
                "off_cooldown_elapsed_samples": 0
            },
            "sf_ts": {
                "idle_cooldown_done": true,
                "idle_cooldown_elapsed_samples": 0,
                "recirculating_ts_cooldown_done": false,
                "recirculating_ts_cooldown_elapsed_samples": 0
            }
        },
        "fsm_valid_sequences": {
            "MED": [
                [
                    2,
                    3,
                    5
                ],
                [
                    1,
                    3,
                    5
                ]
            ],
            "SFTS": [
                [
                    1,
                    2
                ]
            ]
        },
        "dec_var_updates": {
            "sfts_mode": 36,
            "med_mode": 36,
            "qsf": 64,
            "qts_src": 36,
            "qmed_s": 36,
            "qmed_f": 36,
            "Tmed_s_in": 36,
            "Tmed_c_out": 36
        },
        "optim_window_days": 2,
        "initial_states": {
            "Tts_h": [
                90,
                80,
                70
            ],
            "Tts_c": [
                70,
                60,
                50
            ],
            "fsms_internal_states": {
                "med": {
                    "vacuum_generated": false,
                    "vacuum_elapsed_samples": 0,
                    "brine_empty": true,
                    "brine_emptying_elapsed_samples": 0,
                    "startup_done": false,
                    "startup_elapsed_samples": 0,
                    "active_cooldown_done": true,
                    "active_cooldown_elapsed_samples": 0,
                    "off_cooldown_done": true,
                    "off_cooldown_elapsed_samples": 0
                },
                "sf_ts": {
                    "idle_cooldown_done": true,
                    "idle_cooldown_elapsed_samples": 0,
                    "recirculating_ts_cooldown_done": false,
                    "recirculating_ts_cooldown_elapsed_samples": 0
                }
            },
            "med_state": 0,
            "sf_ts_state": 0,
            "Tsf_in_ant": [
                0.0
            ],
            "qsf_ant": [
                0.0
            ]
        },
        "operation_actions": {
            "sfts": [
                [
                    "startup",
                    3
                ],
                [
                    "shutdown",
                    3
                ],
                [
                    "startup",
                    1
                ],
                [
                    "shutdown",
                    1
                ]
            ],
            "med": [
                [
                    "startup",
                    3
                ],
                [
                    "shutdown",
                    3
                ],
                [
                    "startup",
                    1
                ],
                [
                    "shutdown",
                    1
                ]
            ]
        },
        "real_dec_vars_update_period": {
            "qsf": 1800,
            "qts_src": 1800,
            "qmed_s": 3600,
            "qmed_f": 3600,
            "Tmed_s_in": 3600,
            "Tmed_c_out": 3600
        },
        "initial_dec_vars_values": {
            "sfts_mode": 0,
            "med_mode": 0,
            "qsf": 0.0,
            "qts_src": 0.0,
            "qmed_s": 0.0,
            "qmed_f": 0.0,
            "Tmed_s_in": 0.0,